drug_concentration,absorbance
0.05,0.00907
0.1,0.01795
0.25,0.05217
0.5,0.09652
1,0.2453
2,0.36588
3,0.54739
4,0.72356
5,0.90609
6,1.12351
7,1.26916
8,1.43997
9,1.6024
10,1.76268